<BackupInst xmlns="http://www.microsoft.com/GroupPolicy/GPOOperations/Manifest"><GPOGuid><![CDATA[{526ACAC3-C055-4C7B-AFE7-E8F3C0F93A61}]]></GPOGuid><GPODomain><![CDATA[ad.skoopycorp.com]]></GPODomain><GPODomainGuid><![CDATA[{724d53d9-bda9-4422-99e1-3220da875310}]]></GPODomainGuid><GPODomainController><![CDATA[dc1.ad.skoopycorp.com]]></GPODomainController><BackupTime><![CDATA[2018-04-17T00:45:19]]></BackupTime><ID><![CDATA[{D5A706C6-B930-4EDD-A534-55ACD305C5BC}]]></ID><Comment><![CDATA[]]></Comment><GPODisplayName><![CDATA[laps]]></GPODisplayName></BackupInst>
